product_name,product_brand,Product_price,product_link
2024 New Arrival sumsang S24 Ultra Phone Global Version Mobile Phone 16GB+1TB Android 12 Cellphones Unlocked Smartphone,Fnban,$43.80,https://www.alibaba.com/product-detail/2024-New-Arrival-sumsang-S24-Ultra_1601257351062.html?selectedCarrierCode=SEMI_MANAGED_STANDARD@@STANDARD
2024 New Arrival sumsung S24 Ultra Phone Global Version Mobile Phone 16GB+1TB Android 14.0 Cellphones Unlocked Smartphone,Other,$68.00,https://www.alibaba.com/product-detail/2024-New-Arrival-sumsung-S24-Ultra_1601248407211.html?selectedCarrierCode=SEMI_MANAGED_STANDARD@@STANDARD
Global Version Samsung Galaxy S24 Ultra Smartphone 7-Inch HD Screen 16+1TB Unlock S-Pen 4G WIFI 108MP Rear Camera for Gaming,Senyunjia,$65.99,https://www.alibaba.com/product-detail/Samsung-Galaxy-S24-Ultra-7-Inch_1601280864116.html?selectedCarrierCode=SEMI_MANAGED_STANDARD@@STANDARD
Medome Samsun Galax S24 Ultra Phone 5G Smartphone Mobile Phone Android Gaming Cheap Feature Smart Phone Telefono Mobile Celular,Other,$153.00,https://www.alibaba.com/product-detail/Ultra-Lightweight-Luxury-Phone-Case-for_1600988240423.html?selectedCarrierCode=SEMI_MANAGED_STANDARD@@STANDARD
Original 5G Smartphone Samsun Galax S24 Ultra 6.8 inch 12GB+512GB Smartphone Android 13 FOR Brand New Clone S24 Ultra,OEM,$85.05,https://www.alibaba.com/product-detail/Premium-6-8-Inch-Android-13_1601279142024.html?selectedCarrierCode=SEMI_MANAGED_STANDARD@@STANDARD
Unlocked Sansung S24 Ultra 5G Version 6 8 16GB RAM 512GB ROM,Other,$38.80,https://www.alibaba.com/product-detail/Unlocked-Sansung-S24-Ultra-5G-Version_1601247369485.html?selectedCarrierCode=SEMI_MANAGED_STANDARD@@STANDARD
cell phones deal 2024 NEW s24 ultra 5g smartphone mobile phones smartphone sam s24 ultra sung mobile phone,OEM,$159.00,https://www.alibaba.com/product-detail/cell-phones-deal-2024-NEW-s24_1601236472168.html?selectedCarrierCode=SEMI_MANAGED_STANDARD@@STANDARD
2024 original Phones Samsun S24 Ultra Smartphones 16gb+1tb 5g Dual Sim Cellphone Mobile Phone S24 Ultra 5g smart phone,Bang Yang,$39.50,https://www.alibaba.com/product-detail/Original-title-2024-original-Phones-Samsun_1601269933183.html?selectedCarrierCode=SEMI_MANAGED_STANDARD@@STANDARD
Original S24 Ultra 7.2inch Big Screen Smartphone 12GB+1TB Unlocked Phone with Dual Sim Mobile phone For samsung s24 ultra,Other,$97.42,https://www.alibaba.com/product-detail/Original-S24-Ultra-7-2inch-Big_1601217587650.html?selectedCarrierCode=SEMI_MANAGED_STANDARD@@STANDARD
Samsungs Original S22 Ultra 5g Phone 7.3 Inch 16gb + 1tb Android Smartphone Android 12.0 Mobile Phones,OEM,$69.84,https://www.alibaba.com/product-detail/Samsungs-Original-S22-Ultra-5g-Phone_1601282517385.html?selectedCarrierCode=SEMI_MANAGED_STANDARD@@STANDARD
Shipping From US UE 2-7 work days deliver i 16 Pro Max Cheap Telephone smartphone Unlocked i5g game used Mobile Phones,Other,$120.00,https://www.alibaba.com/product-detail/Shipping-From-US-UE-2-7_1601321942568.html?s=p
Original phones samsun s24 ultra Smartphones For s24 ultra 12GB+512GB 5G Dual SIM Cellphone Mobile Phone s24 ultra 5g smartphone,Other,$82.00,https://www.alibaba.com/product-detail/Original-phones-samsun-s24-ultra-Smartphones_1601221097463.html?selectedCarrierCode=SEMI_MANAGED_STANDARD@@STANDARD
Phones S24 Ultra Smartphones for samsung S24 Ultra 16GB+1TB 5G Dual SIM Cellphone Mobile Phone Original Smart Phone HD LCD 65W,OEM,$89.00,https://www.alibaba.com/product-detail/Original-title-Phones-S24-Ultra-Smartphones_1601277556561.html?selectedCarrierCode=SEMI_MANAGED_STANDARD@@STANDARD
Phones S24 Ultra Smartphones for samsung S24 Ultra 16GB+1TB 5G Dual SIM Cellphone Mobile Phone Original Smart Phone HD LCD 65W,Other,$63.99,https://www.alibaba.com/product-detail/Phones-S24-Ultra-Smartphones-for-samsung_1601292360068.html?selectedCarrierCode=SEMI_MANAGED_STANDARD@@STANDARD
Wholesale High Quality 22+2tb Android 14 Cellphones Full Screen Unlocked Smartphone Sumsung S24 Ultra Phone Global Mobile Phone,OEM,$36.00,https://www.alibaba.com/product-detail/Wholesale-High-Quality-22-2tb-Android_1601247621674.html?selectedCarrierCode=SEMI_MANAGED_STANDARD@@STANDARD
Brand New 5G Smartphone For samsung galaxy Z Fold4 Flip 4 Folding Cellphone For samsung galaxy Z Fold3 Flip 3 Unlocked Foldable,Uperman,$36.00,https://www.alibaba.com/product-detail/Brand-New-5G-Smartphone-For-samsung_1601115459130.html
Dual Sim Android Phone S8 S8+ S9 S9+ Used Unlocked No Scratch Smartphone for Samsung Telephone,HFS,$139.00,https://www.alibaba.com/product-detail/Premium-5G-Dual-Sim-Unlocked-Samsung_1601206211021.html
US version Wholesale Fold2 5G smart mobile Phone Original For Samsung used unlocked z fold 3 4 5 original 12+256G 512G GSM 5G,For samsung,$139.00,https://www.alibaba.com/product-detail/New-Original-Unlocked-Samsung-Galaxy-Z_1601160279143.html
Original Unlocked Smartphone For Sam used phones A03s second hand mobile phone,US,$139.00,https://www.alibaba.com/product-detail/Original-Unlocked-Smartphone-For-Sam-used_1601223736540.html
For Electronic Smartphone A50 Used Cheap Phone 64GB 128GB Dual Sim Second Hand Wholesale,Other,$60.00,https://www.alibaba.com/product-detail/Galaxy-A50-5G-Mobile-Phone-New_1601232938912.html
YM Original Samsung S24 Ultra 7inch Big Screen Smartphone 1TB Unlocked Phone 4G 5G Network with Dual Sim Android 13 Mobile phone,YM,$55.00,https://www.alibaba.com/product-detail/YM-Original-Samsung-S24-Ultra-7inch_1601271893250.html?selectedCarrierCode=SEMI_MANAGED_STANDARD@@STANDARD
2024 New Arrival sumsung S24 Ultra Phone Global Version Mobile Phone 16GB+1TB Android 13 Cellphones Unlocked Smartphone,Other,$66.60,https://www.alibaba.com/product-detail/2024-New-Arrival-sumsung-S24-Ultra_1601288893572.html?selectedCarrierCode=SEMI_MANAGED_STANDARD@@STANDARD
Brand not New For Samsung Galaxy A15 5G Unlocked Smartphone High Quality with Features A13 A14 A15 A02S A03S,For Samsung,$299.00,https://www.alibaba.com/product-detail/Brand-not-New-For-Samsung-Galaxy_1601239626396.html?selectedCarrierCode=SEMI_MANAGED_PREMIUM@@PREMIUM
Original Phones Samsun S24 Ultra Smartphones For S24 Ultra 16gb+1tb 5g Dual Sim Cellphone Mobile Phone S24 Ultra 5g Smartphone,Other,$82.00,https://www.alibaba.com/product-detail/Premium-Samsung-S24-Ultra-5G-Smartphone_1601244186544.html?selectedCarrierCode=SEMI_MANAGED_STANDARD@@STANDARD
Original phones samsun s24 ultra Smartphones For s24 ultra 16GB+1TB 5G Dual SIM Cellphone Mobile Phone s24 ultra 5g smartphone,OPNEW,$46.00,https://www.alibaba.com/product-detail/Original-phones-samsun-s24-ultra-Smartphones_1601112067786.html?selectedCarrierCode=SEMI_MANAGED_PREMIUM@@PREMIUM
Factory Wholesale Original Samsung Mobile Phone 128GB Cell Phones For celulares samsung S20 Plus S20,For samsung,$163.00,https://www.alibaba.com/product-detail/Factory-Wholesale-Original-Samsung-Mobile-Phone_1601206123519.html
Wholesale Cheap Original Unlocked Phone Mobile Phones for Samsung A12,original,$50.00,https://www.alibaba.com/product-detail/Wholesale-Cheap-Original-Unlocked-Phone-Mobile_1600595166749.html
2024 New Arrival sumsung S24 Ultra Phone Global Version Mobile Phone 16GB+1TB Android 12 Cellphones Unlocked Smartphone,Other,$66.60,https://www.alibaba.com/product-detail/2024-New-Arrival-sumsung-S24-Ultra_1601281726568.html
best selling S24 5G Smartphone cell phone google AI 16+1TB 7.0inch Dual Sim Unlocked Android Mobile phone for samsung,custom,$45.00,https://www.alibaba.com/product-detail/best-selling-S24-5G-Smartphone-cell_1601270237761.html?selectedCarrierCode=SEMI_MANAGED_STANDARD@@STANDARD
100% original A32 brand new A52 3g&4g smartphone A15 celulares A13 unlocked used phones for samsung A14 A05 movil,Other,$83.00,https://www.alibaba.com/product-detail/100-original-A32-brand-new-A52_1601068680032.html
Wholesale Original Unlocked Android Second Hand Used Mobile Phone for Samsung Galaxy A54 A53 A52 A52s A50 5g Smartphone,US,$99.00,https://www.alibaba.com/product-detail/Wholesale-Original-Unlocked-Android-Second-Hand_1601229077618.html
Samsung S24 Ultra 6.8 Inch Android 13.0 Phone Factory Price HD Screen LTE Cellular English 16GB+1TB 72+108MP 5G Mobile Phone,Other,$65.80,https://www.alibaba.com/product-detail/Samsung-S24-Ultra-6-8-Android_1601299547017.html?selectedCarrierCode=SEMI_MANAGED_STANDARD@@STANDARD
Used smart phone original used unlocked mobile for Samsung Galaxy S7 S7 edge S8 S9 S9plus S10 S20 S21 mostly cheaper used phones,Other,$65.80,https://www.alibaba.com/product-detail/Used-smart-phone-original-used-unlocked_1601289581105.html
wholesale factory price 99%new used for Sumsung Galaxy S6 with GSM and LTE Cellular,for Samsung,$45.00,https://www.alibaba.com/product-detail/Brand-New-Samsung-Galaxy-S6-Smartphone_1601295079295.html
For Samsung Galaxy S21 5G Android Phone Factory Unlocked US Version 5G Smartphone Fast Charging 256GB Used Mobile Phones,Global version,$203.00,https://www.alibaba.com/product-detail/For-Samsung-Galaxy-S21-5G-Android_10000018794369.html
Samsungs Galax Z Fold 6 (UNLOCKED),Samsung,$203.00,https://www.alibaba.com/product-detail/Unlock-Your-Mobile-Freedom-with-the_11000019598975.html
Wholesale Popular used mobile phones Unlocked low price 5g smartphone For Samsung Galaxy Z Flip 3 phone,For samsung,$190.00,https://www.alibaba.com/product-detail/New-5G-Samsung-Galaxy-Z-Flip_1600884381334.html
Second hand wholesale S21 S22 S23 S24 unlocked second-hand mobile phone with excellent quality for Sam sun Galaxy S21 Ultra,US,$90.00,https://www.alibaba.com/product-detail/Second-hand-wholesale-S21-S22-S23_1601231825781.html
for Galaxy S24 ULTRA 6.8 inch touch screen Android Type-C Mobile Phone smart phone Dual Standby Cell Phone with Samsung,AcyLic,$300.00,https://www.alibaba.com/product-detail/for-Galaxy-S24-ULTRA-6-8_1601147324359.html
Hot selling high quality wholesale for samsung galaxy S21 ultra s 21 android 5G smart mobile cell phone original ulocked,US,$200.00,https://www.alibaba.com/product-detail/Hot-selling-high-quality-wholesale-for_1601195083405.html
"Wholesale Smart Phone 6.5-inch, Used Original Phone, Refurbished Mobile Phone for Samsung Galaxy A12, SM-A125F",Samsung,$200.00,https://www.alibaba.com/product-detail/Wholesale-Smart-Phone-6-5-inch_1600483800608.html
Original New Sam sung Galaxy A05S Smartphone Octa Core 6.7'' LCD Display 50MP Triple Camera 5000mAh Battery Mobile Phone,Samsung,$97.00,https://www.alibaba.com/product-detail/Original-New-Sam-sung-Galaxy-A05S_1601278206678.html
2024 New Arrival sumsung S24 Ultra Phone Global Version Mobile Phone 16GB+1TB Android 14 Cellphones Unlocked Smartphone,Other,$58.61,https://www.alibaba.com/product-detail/2024-New-Arrival-sumsung-S24-Ultra_1601299089169.html?selectedCarrierCode=SEMI_MANAGED_STANDARD@@STANDARD
All Stock Wholesale price Hot Sale High Quality Original Smartphone For Samsung A01 A03 A03 Core A10 dual sim Used Mobile Phone,Samsung,$45.00,https://www.alibaba.com/product-detail/Premium-5G-Dual-Sim-Original-Samsung_1601218994094.html
Cheap Used Cell Phones Wholesale Unlocked Low Price Quality Android Phones For Samsung Galaxy S6,for Samsung,$45.00,https://www.alibaba.com/product-detail/Cheap-Used-Cell-Phones-Wholesale-Unlocked_1601184646930.html
Hot Selling For Samsung Galaxy S10 S20 S24 Ultra Long Standby High Pixel Clear Camera Used Unclocked Android Wholesale Cellphone,Other global version,$175.00,https://www.alibaba.com/product-detail/Hot-Selling-For-Samsung-Galaxy-S10_1601321234860.html
Phone Unlock Android Mobile Original for Samsung S10+128GB 8GB RAM For SAM SUN PHONE,"Other global version, Gloabal Version",$50.00,https://www.alibaba.com/product-detail/Phone-Unlock-Android-Mobile-Original-for_1601262160652.html
Wholesale US Version 0riginal Mobile Phones Unlocked 5G Network Android Smartphone for Samsung Galaxy A55 Used Cell phone,Other,$138.00,https://www.alibaba.com/product-detail/Wholesale-US-Version-0riginal-Mobile-Phones_1601243004452.html
